guidance_weight,mol_stability,mae
0.5,0.7727272727272727,2.4570267417214136
