guidance_weight,mol_stability,mae
3.5,0.8352272727272727,2.671855493025346
