guidance_weight,mol_stability,mae
2.5,0.8286331300813007,10.47903681964409
