guidance_weight,mol_stability,mae
1.5,0.7045454545454546,5.172549263997511
