guidance_weight,mol_stability,mae
3.0,0.720020325203252,0.5370858515181193
