guidance_weight,mol_stability,mae
4.5,0.7670454545454546,0.4744773805141449
