guidance_weight,mol_stability,mae
3.5,0.8096590909090909,0.3886897726492448
