guidance_weight,mol_stability,mae
2.0,0.8494664634146342,0.436034974528522
