guidance_weight,mol_stability,mae
5.0,0.8153409090909091,0.46767974441701715
