guidance_weight,mol_stability,mae
7.5,0.7556818181818182,0.9036118225617842
