guidance_weight,mol_stability,mae
2.5,0.8542936991869919,0.971520400628811
