guidance_weight,mol_stability,mae
0.75,0.8333333333333334,0.9999107917149862
