guidance_weight,mol_stability,mae
5.0,0.8352272727272727,0.9378360943360762
