guidance_weight,mol_stability,mae
0.5,0.8636363636363636,1.1205315318974582
