guidance_weight,mol_stability,mae
0.5,0.8333333333333334,2.2454907099405923
