guidance_weight,mol_stability,mae
0.5,1.0,2.193345705668132
0.5,0.9166666666666666,3.220857302347819
